{"cameraMode":{"drawMode":0,"name":"Shaded","section":"Shading Mode"},"sceneLighting":false,"audioPlay":false,"sceneViewState":{"m_AlwaysRefresh":false,"showFog":true,"showSkybox":false,"showFlares":true,"showImageEffects":true,"showParticleSystems":true,"showVisualEffectGraphs":true,"m_FxEnabled":true},"in2DMode":false,"pivot":{"x":-4.258722305297852,"y":0.37937647104263308,"z":3.507154703140259},"rotation":{"x":0.11158709228038788,"y":0.8434864282608032,"z":-0.19251832365989686,"w":0.48889827728271487},"size":1.2410690784454346,"orthographic":false}